{
  "posts": [
    {
      "id": 1,
      "title": "json-server",
      "author": "typicode"
    },
    {
      "title": "pirates of caribian",
      "author": "jack sparrow",
      "id": 2
    },
    {
      "sid": "44",
      "sname": "jack sparrow",
      "totalm": "600",
      "id": 3
    },
    {
      "sid": "33",
      "sname": "rudy",
      "totalm": "525",
      "id": 4
    }
  ],
  "comments": [
    {
      "id": 1,
      "body": "some comment",
      "postId": 1
    }
  ],
  "profile": {
    "name": "typicode"
  }
}