{
  "posts": [
    {
      "sid": "25",
      "sname": "Ross",
      "totalm":"625",
      "id": 1
    },
    {
      "sid": "45",
      "sname": "marry",
      "totalm":"625",
      "id": 2
    },
    {
      "sid": "35",
      "sname": "Rolf",
      "totalm":"625",
      "id": 3
    },
    {
      "sid": "30",
      "sname": "Robert",
      "totalm":"625",
      "id": 4
    },
    {
      "sid": "22",
      "sname": "Rose",
      "totalm":"625",
      "id": 5
    },
    {
      "sid": "20",
      "sname": "Roman",
      "totalm":"625",
      "id": 5
    },
    {
      "sid": "24",
      "sname": "Ronaldo",
      "totalm":"625",
      "id": 6
    },
    {
      "sid": "29",
      "sname": "Roger",
      "totalm":"625",
      "id": 7
    },
    {
      "sid": "27",
      "sname": "Ritha",
      "totalm":"625",
      "id": 8
    },
    {
      "sid": "22",
      "sname": "geetha",
      "totalm":"624",
      "id": 9
    }
  ]
}